runtime_path	sha256	provenance_group	evidence	license
assets/frozendawn/sounds/ambient/bloom/crack.ogg	d929ab7f6c687552460fb48dafb82e19ac9cd1ba028a83bdc7ff1a7daf9164aa	bloom_mixed	tools/audio_sources/bloom/SOURCES.md	Inherited source terms and original
assets/frozendawn/sounds/ambient/bloom/drone.ogg	07168d041c01620c10615e9675a7251e4545a3114dbb7e4688692aa86e074734	bloom_mixed	tools/audio_sources/bloom/SOURCES.md	Inherited source terms and original
assets/frozendawn/sounds/ambient/bloom/shimmer.ogg	5182213a870a5cf4382225c16b55e8bff64c09e4787281014b5f4116920f651f	bloom_mixed	tools/audio_sources/bloom/SOURCES.md	Inherited source terms and original
assets/frozendawn/sounds/ambient/creak1.ogg	f3650f70c1901b9834bea31a62c4342bf16451a3c2b5813e7e271e1c8cc87e41	baseline_owner_audio	ASSETS.md	Frozen Dawn original
assets/frozendawn/sounds/ambient/creak2.ogg	1952d22c013aca19e53caedf130cfb77521016fd8b4a1fec4de76e30846c1b46	baseline_owner_audio	ASSETS.md	Frozen Dawn original
assets/frozendawn/sounds/ambient/creak3.ogg	ee799b26a9a5e1f1bccff8cc7fbebfbdf81fbea3961f0242d29b7c3c3c3af88f	baseline_owner_audio	ASSETS.md	Frozen Dawn original
assets/frozendawn/sounds/ambient/creak4.ogg	a8679a21c73f4b7a375314f32c849d405f639f8eefe779fe07a94fec1d69a3fe	baseline_owner_audio	ASSETS.md	Frozen Dawn original
assets/frozendawn/sounds/ambient/creak5.ogg	cc3124316eb5d81df3b17901560bc6355a5e7b031589297806a78bbdec4e6eb8	baseline_owner_audio	ASSETS.md	Frozen Dawn original
assets/frozendawn/sounds/ambient/creak6.ogg	964e75f579ce2aeb867415f92b994bfa026aeeaff512a1246e727d0db4c901a5	baseline_owner_audio	ASSETS.md	Frozen Dawn original
assets/frozendawn/sounds/ambient/eva_breathing.ogg	d3f1dfe47be702ad567bb197adac85fad695bd587553349bba64a6a15ade0adb	baseline_owner_audio	ASSETS.md	Frozen Dawn original
assets/frozendawn/sounds/ambient/eva_suffocate.ogg	2bfdba604ff5f838d10d544941dbebfdccc3ef5350b32403f1e543aa2dba2036	baseline_owner_audio	ASSETS.md	Frozen Dawn original
assets/frozendawn/sounds/ambient/hearthrot_rasp.ogg	1f3c100fa5c049d2cfe709be0959079f6a4d270be852457aa60ad0f504490f0f	hearthrot_mixed	tools/audio_sources/hearthrot/SOURCES.md	CC0-derived and original
assets/frozendawn/sounds/ambient/sanity_footstep1.ogg	f3650f70c1901b9834bea31a62c4342bf16451a3c2b5813e7e271e1c8cc87e41	baseline_owner_audio	ASSETS.md	Frozen Dawn original
assets/frozendawn/sounds/ambient/sanity_footstep2.ogg	f3650f70c1901b9834bea31a62c4342bf16451a3c2b5813e7e271e1c8cc87e41	baseline_owner_audio	ASSETS.md	Frozen Dawn original
assets/frozendawn/sounds/ambient/sanity_thud1.ogg	f3650f70c1901b9834bea31a62c4342bf16451a3c2b5813e7e271e1c8cc87e41	baseline_owner_audio	ASSETS.md	Frozen Dawn original
assets/frozendawn/sounds/ambient/sanity_thud2.ogg	f3650f70c1901b9834bea31a62c4342bf16451a3c2b5813e7e271e1c8cc87e41	baseline_owner_audio	ASSETS.md	Frozen Dawn original
assets/frozendawn/sounds/ambient/sanity_whisper1.ogg	f3650f70c1901b9834bea31a62c4342bf16451a3c2b5813e7e271e1c8cc87e41	baseline_owner_audio	ASSETS.md	Frozen Dawn original
assets/frozendawn/sounds/ambient/sanity_whisper2.ogg	f3650f70c1901b9834bea31a62c4342bf16451a3c2b5813e7e271e1c8cc87e41	baseline_owner_audio	ASSETS.md	Frozen Dawn original
assets/frozendawn/sounds/ambient/wind_light.ogg	8b334113df93de4f5f22e75c7c2c6581ca7f51917bfa2257141a3db478b89e20	baseline_owner_audio	ASSETS.md	Frozen Dawn original
assets/frozendawn/sounds/ambient/wind_post_maeve_light.ogg	affa5eb67312e641c6408b2b943cc6569beccd8dbb3989037c9615c577557687	post_maeve_wind_procedural	tools/audio_sources/post_maeve_wind/SOURCES.md	Frozen Dawn original
assets/frozendawn/sounds/ambient/wind_post_maeve_strong.ogg	f626552da70f768d3310cf6a443d28ccea251f8d0164b6d89c350b685f216619	post_maeve_wind_procedural	tools/audio_sources/post_maeve_wind/SOURCES.md	Frozen Dawn original
assets/frozendawn/sounds/ambient/wind_strong.ogg	08ce9be38ef77a9ca47cd87c9f917dbed3d63edb15671dce36c45a4add5f9da1	baseline_owner_audio	ASSETS.md	Frozen Dawn original
assets/frozendawn/sounds/block/bloom_core/break.ogg	4413022830206092bd508902934817b227f6c91cf22419faacee9728dde7d6e1	bloom_mixed	tools/audio_sources/bloom/SOURCES.md	Inherited source terms and original
assets/frozendawn/sounds/block/bloom_core/pulse.ogg	9e5469e0bbb3e6d38a0787c245a3df13d2b891588c6c7e80663c96c1cfb3883c	bloom_mixed	tools/audio_sources/bloom/SOURCES.md	Inherited source terms and original
assets/frozendawn/sounds/block/stillpoint_core/charge.ogg	0e9da586857d85dd80a6e611c20a35d6e0b2903cdeeae05b25c1220109125772	stillpoint_procedural	tools/audio_sources/stillpoint_core/SOURCES.md	Frozen Dawn original
assets/frozendawn/sounds/block/stillpoint_core/enter.ogg	612a472e25b687d53c82efeb57f208c1c904ee718f2ad35e85a6eab84a92cca1	stillpoint_procedural	tools/audio_sources/stillpoint_core/SOURCES.md	Frozen Dawn original
assets/frozendawn/sounds/block/stillpoint_core/exhaust.ogg	718cc6720e604ae8366dd4f26415f11cb70c5b23e138aa6ddd146c5a6d97959b	stillpoint_procedural	tools/audio_sources/stillpoint_core/SOURCES.md	Frozen Dawn original
assets/frozendawn/sounds/block/stillpoint_core/exit.ogg	2b522facb149f70a24f5d8b1741d901a0802850075b8cf636b5bdb14c851b1e0	stillpoint_procedural	tools/audio_sources/stillpoint_core/SOURCES.md	Frozen Dawn original
assets/frozendawn/sounds/block/stillpoint_core/form.ogg	6e7ee932b1fc9610b11ca87e835e25503d382b9576b8992a7e611e076352c52a	stillpoint_procedural	tools/audio_sources/stillpoint_core/SOURCES.md	Frozen Dawn original
assets/frozendawn/sounds/block/stillpoint_core/hum.ogg	7a4823996957bcd45a61cfa2f9154d27387866fc4acd1f8a4460a8c1b4d59213	stillpoint_procedural	tools/audio_sources/stillpoint_core/SOURCES.md	Frozen Dawn original
assets/frozendawn/sounds/block/stillpoint_core/use.ogg	d1657ea8f8bc767b05d97cd27d61091490b0ae34b2848663c29cfe68d8c6143c	stillpoint_procedural	tools/audio_sources/stillpoint_core/SOURCES.md	Frozen Dawn original
assets/frozendawn/sounds/blocks/alarm_beacon.ogg	2eb571386f3dfa4e3280c1328f8a45dfd84f3e17518eb90c86c89ee9b6ba8da9	baseline_owner_audio	ASSETS.md	Frozen Dawn original
assets/frozendawn/sounds/blocks/town_pa_clear.ogg	f4b57ce8e372fc87d4fd4556ffe1a35820bd97dd8b12b3ad97a489627146530f	baseline_owner_audio	ASSETS.md	Frozen Dawn original
assets/frozendawn/sounds/blocks/town_pa_degraded.ogg	88b52c7390bda8ad5ffe7e6eac89419eec259d34d67b3f0868074cd3ba085957	baseline_owner_audio	ASSETS.md	Frozen Dawn original
assets/frozendawn/sounds/entity/aggregate/ambient_1.ogg	0ba06caec9891e7d510e8eb2a5bb6443f19b3308b155db186542cf11ce25d7ce	aggregate_mixed	tools/audio_sources/aggregate/SOURCES.md	CC0-derived
assets/frozendawn/sounds/entity/aggregate/ambient_2.ogg	e7b164072294b6fab025d9f02df009ebb9e5c1e422570c23d453b31f732a8053	aggregate_mixed	tools/audio_sources/aggregate/SOURCES.md	CC0-derived
assets/frozendawn/sounds/entity/aggregate/ambient_3.ogg	7bc549ac79ae5c79485a267cd10d5cba80869bdaa6bd63ec03fd86475618435d	aggregate_mixed	tools/audio_sources/aggregate/SOURCES.md	CC0-derived
assets/frozendawn/sounds/entity/aggregate/awaken_1.ogg	d3553ef377011306812c53cffc3449aca10791ddd6d8a54b5a7a6a89e1101cee	aggregate_mixed	tools/audio_sources/aggregate/SOURCES.md	CC0-derived
assets/frozendawn/sounds/entity/aggregate/awaken_2.ogg	664c30ad47efc0619dae918d5ad9127027a3bf40a90d20821991491b59d09a4d	aggregate_mixed	tools/audio_sources/aggregate/SOURCES.md	CC0-derived
assets/frozendawn/sounds/entity/aggregate/awaken_3.ogg	10cc7b2176fbb85899dcae63b8c5cf9efb4f59eb894dd5c626d0a2f10090a377	aggregate_mixed	tools/audio_sources/aggregate/SOURCES.md	CC0-derived
assets/frozendawn/sounds/entity/aggregate/death_1.ogg	f41f4cc28468852261611fe08030edb602bba6c5c15044dffef7f694a59d7b0a	aggregate_mixed	tools/audio_sources/aggregate/SOURCES.md	CC0-derived
assets/frozendawn/sounds/entity/aggregate/death_2.ogg	6814575f334ac049ee145ae8d0adc092e177cd130f880eea86cc902a08836180	aggregate_mixed	tools/audio_sources/aggregate/SOURCES.md	CC0-derived
assets/frozendawn/sounds/entity/aggregate/death_3.ogg	2d7980b628730b62ab4307159556113dcccf1b6c3b5dc2436f0e2f554f41ea8c	aggregate_mixed	tools/audio_sources/aggregate/SOURCES.md	CC0-derived
assets/frozendawn/sounds/entity/aggregate/death_candidate_scream.ogg	5606c12aa9dc17351803e77c96353aca10a2c981c775d859365d1b126f303713	aggregate_mixed	tools/audio_sources/aggregate/SOURCES.md	CC0-derived
assets/frozendawn/sounds/entity/aggregate/discharge_burst.ogg	7144592b59ebc0f1a97dc8ad6ba3c190fefac5c17e6ba2cc35d6c30bb0d364f1	aggregate_mixed	tools/audio_sources/aggregate/SOURCES.md	CC0-derived
assets/frozendawn/sounds/entity/aggregate/discharge_charge.ogg	1052efca785934c71d8f15aef0d68260dca01d65c86920b81a18b6e696ef30c7	aggregate_mixed	tools/audio_sources/aggregate/SOURCES.md	CC0-derived
assets/frozendawn/sounds/entity/aggregate/reallocation_1.ogg	36942858a5a1513fcaf4a33dc83d5f736ce7c5333207e1456c647b54af380992	aggregate_mixed	tools/audio_sources/aggregate/SOURCES.md	CC0-derived
assets/frozendawn/sounds/entity/aggregate/reallocation_2.ogg	b0c8e0160843d83703bb5f4d403c2425859191476f2dcd711b1d8d3a5d0f9c4c	aggregate_mixed	tools/audio_sources/aggregate/SOURCES.md	CC0-derived
assets/frozendawn/sounds/entity/aggregate/reallocation_3.ogg	775001127b5b4af391c933a4b1f41a836f7c161bbe74fba3cfeaa7709a234bf2	aggregate_mixed	tools/audio_sources/aggregate/SOURCES.md	CC0-derived
assets/frozendawn/sounds/entity/aggregate/roar_1.ogg	a56efe5e6c16a1e850e23a36ec4467431ea1d00605cfce4572053c17863a0a25	aggregate_mixed	tools/audio_sources/aggregate/SOURCES.md	CC0-derived
assets/frozendawn/sounds/entity/aggregate/roar_2.ogg	b07d7f656f75b95186a41c717037d34b3bd8de3b78a5368a1e29be7aa420ffac	aggregate_mixed	tools/audio_sources/aggregate/SOURCES.md	CC0-derived
assets/frozendawn/sounds/entity/aggregate/roar_3.ogg	6c607c05e75520fd5ed505706aa54bc1ff0bb2068ff51ea7a8bc9fe5a78fdea9	aggregate_mixed	tools/audio_sources/aggregate/SOURCES.md	CC0-derived
assets/frozendawn/sounds/entity/aggregate/slam_1.ogg	7e0a589fac9abe97c47c4436d916f07b24e0a1f145dbe400f4e41b9a34165d53	aggregate_mixed	tools/audio_sources/aggregate/SOURCES.md	CC0-derived
assets/frozendawn/sounds/entity/aggregate/slam_2.ogg	b31568c038a0228bbcd6dc97d0222e86f2c502b25a5f756df5cd50b3aae5cbdd	aggregate_mixed	tools/audio_sources/aggregate/SOURCES.md	CC0-derived
assets/frozendawn/sounds/entity/aggregate/slam_3.ogg	e9c196458c8d5b72bad46af17df07f7805e5c5f7f69a6c159a690c5c00d7ff3d	aggregate_mixed	tools/audio_sources/aggregate/SOURCES.md	CC0-derived
assets/frozendawn/sounds/entity/archivist/ambient_1.ogg	3bcd99f075a931367764d1bf76b2dcdd29e30d4e2258cd367b128e8cba7e863a	archivist_mixed	tools/audio_sources/archivist/SOURCES.md	CC0, CC BY 4.0, and original
assets/frozendawn/sounds/entity/archivist/ambient_2.ogg	943be93094450907ce1a1b3fbaedb8de7ae7d6a5cfd2f5bda6eb0073af4e6c0d	archivist_mixed	tools/audio_sources/archivist/SOURCES.md	CC0, CC BY 4.0, and original
assets/frozendawn/sounds/entity/archivist/ambient_3.ogg	39a095f24125cd2a408cd55ef93350e683eb11efb48b5401c92b04331b81e934	archivist_mixed	tools/audio_sources/archivist/SOURCES.md	CC0, CC BY 4.0, and original
assets/frozendawn/sounds/entity/archivist/death.ogg	9297863a46ce2e34406854804732a885cba85c70619ece81a69873bdaea0acdb	archivist_mixed	tools/audio_sources/archivist/SOURCES.md	CC0, CC BY 4.0, and original
assets/frozendawn/sounds/entity/archivist/hurt_1.ogg	1134d422628c57c62eb7a28460d2dc10b75924c99962c9dd996b1ffaff9c0be4	archivist_mixed	tools/audio_sources/archivist/SOURCES.md	CC0, CC BY 4.0, and original
assets/frozendawn/sounds/entity/archivist/hurt_2.ogg	094b61e66e4b248816d802f05f5762810088fbea2b3bd8ce78dc6902fdbdd581	archivist_mixed	tools/audio_sources/archivist/SOURCES.md	CC0, CC BY 4.0, and original
assets/frozendawn/sounds/entity/archivist/pack_1.ogg	72ac9b4cd454f7a49464d91484d45d3f43741be477bbac025921b63b3d11a3bd	archivist_mixed	tools/audio_sources/archivist/SOURCES.md	CC0, CC BY 4.0, and original
assets/frozendawn/sounds/entity/archivist/pack_2.ogg	42465deb709ee5310c02c12ee2ad14d133a71085960406ecf17f8012e441feb1	archivist_mixed	tools/audio_sources/archivist/SOURCES.md	CC0, CC BY 4.0, and original
assets/frozendawn/sounds/entity/archivist/scream.ogg	24ff74b65ae38786deac5bf3a6cf34674e461a3f88a74d47b5635744ff82b12c	archivist_mixed	tools/audio_sources/archivist/SOURCES.md	CC0, CC BY 4.0, and original
assets/frozendawn/sounds/entity/archivist/sob_1.ogg	092a9e5908c41f27b78234015e1e09438396441d8af3c2f262db18f07762e8e1	archivist_mixed	tools/audio_sources/archivist/SOURCES.md	CC0, CC BY 4.0, and original
assets/frozendawn/sounds/entity/archivist/sob_2.ogg	21dd4f71ced642c2a0c26d2639f4f9ce61198b06be8b61751965b33356f59667	archivist_mixed	tools/audio_sources/archivist/SOURCES.md	CC0, CC BY 4.0, and original
assets/frozendawn/sounds/entity/archivist/sob_3.ogg	37695e7f32b0f5576b5aadea85ba2d615cd8f0a783fe7283603643ef3b1a4036	archivist_mixed	tools/audio_sources/archivist/SOURCES.md	CC0, CC BY 4.0, and original
assets/frozendawn/sounds/entity/archivist/sob_4.ogg	d663bbd9ede867e4aa1709e8101f63017c1d0cc07d044e292b4c4744ea251dcd	archivist_mixed	tools/audio_sources/archivist/SOURCES.md	CC0, CC BY 4.0, and original
assets/frozendawn/sounds/entity/archivist/sob_5.ogg	cbcdcb53fbae4d25f96f40bb2ea699c6c65a393e0f4fb16b83dd466e642f4b6f	archivist_mixed	tools/audio_sources/archivist/SOURCES.md	CC0, CC BY 4.0, and original
assets/frozendawn/sounds/entity/archivist/sob_6.ogg	eff87def4510a9643e062d9a25c2220d2dfe5a883eb4afafda086f985fc947cf	archivist_mixed	tools/audio_sources/archivist/SOURCES.md	CC0, CC BY 4.0, and original
assets/frozendawn/sounds/entity/archivist/sob_7.ogg	d14dab4ca2c92921e6a0a0360cfd7a4b268ff2d19a9549d21fb7389c410ceaa7	archivist_mixed	tools/audio_sources/archivist/SOURCES.md	CC0, CC BY 4.0, and original
assets/frozendawn/sounds/entity/archivist/sob_8.ogg	4899258151364ad6d5b48d4879a376119926c2680faf01638554ace44487a24a	archivist_mixed	tools/audio_sources/archivist/SOURCES.md	CC0, CC BY 4.0, and original
assets/frozendawn/sounds/entity/archivist/sort_1.ogg	8c1dcb90b08a7d64f1343cf93e0c6d630a9cb65f2f25366b5177b2d3f35b4500	archivist_mixed	tools/audio_sources/archivist/SOURCES.md	CC0, CC BY 4.0, and original
assets/frozendawn/sounds/entity/archivist/sort_2.ogg	468d1ada477f2e433b837811811c0133b49ea4efc5a78477bea1b4ad4f30fbc8	archivist_mixed	tools/audio_sources/archivist/SOURCES.md	CC0, CC BY 4.0, and original
assets/frozendawn/sounds/entity/archivist/step_1.ogg	4ae57716fd4bf81e3e90ea068e6fb4edd272b47d30aa313d6b9cc7b9cc19d768	archivist_mixed	tools/audio_sources/archivist/SOURCES.md	CC0, CC BY 4.0, and original
assets/frozendawn/sounds/entity/archivist/step_2.ogg	6890ec6201d7cc69538df9b4f48439b492392ffadc2c935d9e8bde56affe4b1d	archivist_mixed	tools/audio_sources/archivist/SOURCES.md	CC0, CC BY 4.0, and original
assets/frozendawn/sounds/entity/bloom_spore/ambient.ogg	e936a8f809b08b546b225bcce961c695a2492826845fb2bf25bfb7ddc4f3f956	bloom_mixed	tools/audio_sources/bloom/SOURCES.md	Inherited source terms and original
assets/frozendawn/sounds/entity/bloom_spore/collapse.ogg	26f29d4b3434c6f245164d0051c18e233dcdd87d8769e9138600b6325832126f	bloom_mixed	tools/audio_sources/bloom/SOURCES.md	Inherited source terms and original
assets/frozendawn/sounds/entity/bloom_spore/contact.ogg	b2c408d1d277263b66f7b2f6f7973bd9d60aeeecaa2dea3725d48e39016e3fdb	bloom_mixed	tools/audio_sources/bloom/SOURCES.md	Inherited source terms and original
assets/frozendawn/sounds/entity/bloom_spore/corpse_break.ogg	98b7124c0a59b50db76dd0ab2eb3310cc49249186d7d950e05f793f57039efc3	bloom_mixed	tools/audio_sources/bloom/SOURCES.md	Inherited source terms and original
assets/frozendawn/sounds/entity/bloom_spore/corpse_strike.ogg	51f87e35e9c0fa35bfe6ce62c9ac1e515ac1f00e18abb9199f0a366262a6c5f3	bloom_mixed	tools/audio_sources/bloom/SOURCES.md	Inherited source terms and original
assets/frozendawn/sounds/entity/bloom_spore/death.ogg	003df8a78e924335a157a17e92761bda24b3f636516f7325c20cf7c0c2824e9a	bloom_mixed	tools/audio_sources/bloom/SOURCES.md	Inherited source terms and original
assets/frozendawn/sounds/entity/bloom_spore/growth_start.ogg	049806f894b094d710fc842a475490c3530ad1d0084e7209ec67dde6bc9e7abd	bloom_mixed	tools/audio_sources/bloom/SOURCES.md	Inherited source terms and original
assets/frozendawn/sounds/entity/bloom_spore/step.ogg	a1ee5470d9676af864822f3c23b6cf08aac6ea215cdacd72bef9ef095b09bb6c	bloom_mixed	tools/audio_sources/bloom/SOURCES.md	Inherited source terms and original
assets/frozendawn/sounds/entity/bloombound_undone/ambient_1.ogg	8f233da12f5fa86ddeb5dd1d0fdfb11df00dae8113417bafc7407b51432e8b89	bloom_mixed	tools/audio_sources/bloom/SOURCES.md	Inherited source terms and original
assets/frozendawn/sounds/entity/bloombound_undone/ambient_2.ogg	d741241ca053974afae360a7a1ae82f3049eec98770ba93523404458ae093500	bloom_mixed	tools/audio_sources/bloom/SOURCES.md	Inherited source terms and original
assets/frozendawn/sounds/entity/bloombound_undone/attack.ogg	eedf4cb08d8edbebcd0010bb9cb61df8db607afba2ed8d3a4c9d5635a6a31af2	bloom_mixed	tools/audio_sources/bloom/SOURCES.md	Inherited source terms and original
assets/frozendawn/sounds/entity/bloombound_undone/death.ogg	7d6d07592c252703bb4792654bd3392b55351f05dd62cce46ae99c794f6456f6	bloom_mixed	tools/audio_sources/bloom/SOURCES.md	Inherited source terms and original
assets/frozendawn/sounds/entity/bloombound_undone/hurt.ogg	46e802c8392f5f0a9369877adb6057f1916ca7f1031dc2115f2789287471cdbf	bloom_mixed	tools/audio_sources/bloom/SOURCES.md	Inherited source terms and original
assets/frozendawn/sounds/entity/frostwrithe/assemble.ogg	f45a8fe9eedb196dbe46cd9e0a80312cbb5eac5f2310287a135699a8af30aa7f	frostwrithe_mixed	tools/audio_sources/frostwrithe/SOURCES.md	CC0-derived
assets/frozendawn/sounds/entity/frostwrithe/body_check.ogg	502c04afe64185b4d3aef61704b5737339ee61eff38a26410897f06afa35148c	frostwrithe_mixed	tools/audio_sources/frostwrithe/SOURCES.md	CC0-derived
assets/frozendawn/sounds/entity/frostwrithe/bridge.ogg	c52ad91074c42511448eb02ad3cb1c6277993bf2d95a9e44918f8a38500e117b	frostwrithe_mixed	tools/audio_sources/frostwrithe/SOURCES.md	CC0-derived
assets/frozendawn/sounds/entity/frostwrithe/climb.ogg	a13b49b22b47975fe4d8365fbcaafb37a004f918dff6d30b52a679c219ae4731	frostwrithe_mixed	tools/audio_sources/frostwrithe/SOURCES.md	CC0-derived
assets/frozendawn/sounds/entity/frostwrithe/disassemble.ogg	7396448b286ed0d0470cf2928241c4906a1ac3bd5ccdd850e9f0628b8adb1d2c	frostwrithe_mixed	tools/audio_sources/frostwrithe/SOURCES.md	CC0-derived
assets/frozendawn/sounds/entity/frostwrithe/movement.ogg	a71988db2a8fa0b4363b48969f1b0620162c1d977b8b175b875de97e694e3d3b	frostwrithe_mixed	tools/audio_sources/frostwrithe/SOURCES.md	CC0-derived
assets/frozendawn/sounds/entity/frostwrithe/overrun.ogg	53c24e3d412d7108e6cf3b154131c616f4bfa1f4cb7084b011e0d6797e39aa0b	frostwrithe_mixed	tools/audio_sources/frostwrithe/SOURCES.md	CC0-derived
assets/frozendawn/sounds/entity/frostwrithe/regroup.ogg	458be107393ea23b7e036591e6281a2fed16b8be6edb31fc8a4fe34b9b0e25db	frostwrithe_mixed	tools/audio_sources/frostwrithe/SOURCES.md	CC0-derived
assets/frozendawn/sounds/entity/frostwrithe/shed.ogg	5aae882ec7dce72993b40a0152ca3f3507ad8e7c6e4c458a383825d7b4744ee0	frostwrithe_mixed	tools/audio_sources/frostwrithe/SOURCES.md	CC0-derived
assets/frozendawn/sounds/entity/frostwrithe/shell.ogg	8f57416b4dc97b37a2c480a3d3370f6f20c45e46f2a62601105db0da702dae3d	frostwrithe_mixed	tools/audio_sources/frostwrithe/SOURCES.md	CC0-derived
assets/frozendawn/sounds/entity/frostwrithe/terminal.ogg	92719768faaa67e765c5d871a811edb30b97c4a87f4fb793c6e28803bd15a931	frostwrithe_mixed	tools/audio_sources/frostwrithe/SOURCES.md	CC0-derived
assets/frozendawn/sounds/entity/heart_successor/voice_cold.ogg	268fb5865bf4bd6c3e89ff83ffa9a3f5fcdda481f296593dff20ae1d33fb1cee	generated_voice	tools/audio_sources/generated_voice/NOTICE.md	CC BY-SA 4.0
assets/frozendawn/sounds/entity/heart_successor/voice_dont.ogg	4c7b4d4e5fee915f8256da75e3e3b02cb7619360ce23e542ce1121f1fb2325a1	generated_voice	tools/audio_sources/generated_voice/NOTICE.md	CC BY-SA 4.0
assets/frozendawn/sounds/entity/heart_successor/voice_hello.ogg	2edb488210f579c024943a883a362db057eb4f11000881d7a167740f18566b4b	generated_voice	tools/audio_sources/generated_voice/NOTICE.md	CC BY-SA 4.0
assets/frozendawn/sounds/entity/heart_successor/voice_kevin.ogg	394b38a475b65f8106ae1e32e8f3a4e7755f180578ca298218b88816fe90c78f	generated_voice	tools/audio_sources/generated_voice/NOTICE.md	CC BY-SA 4.0
assets/frozendawn/sounds/entity/heart_successor/voice_why.ogg	845b5f2c359a03668434e5df5e2221dea5623384b9a0e27faff580de5cb9321c	generated_voice	tools/audio_sources/generated_voice/NOTICE.md	CC BY-SA 4.0
assets/frozendawn/sounds/entity/hearth/boundary_warning.ogg	3eadd5bbacc9dd3b3caafe85ad2329f2860240388dfba139278f4351fab01f28	master_thae_iven_owner	tools/audio_sources/master_architect/SOURCES.md	Frozen Dawn original
assets/frozendawn/sounds/entity/hearth/orsathae.ogg	b6cada4187b3662994351b4e6db896c2b968103ed20f7f87e8d615f2fb111742	master_thae_iven_owner	tools/audio_sources/master_architect/SOURCES.md	Frozen Dawn original
assets/frozendawn/sounds/entity/master_architect/aura/arc_crackle.ogg	39be75c7c55b5ce0ea9d2fba441fb6dd66358cc6a5c6c3c3d22dbf02269f14de	master_thae_iven_owner	tools/audio_sources/master_architect/SOURCES.md	Frozen Dawn original
assets/frozendawn/sounds/entity/master_architect/aura/infrasound.ogg	7fe5b16b0cbba7af34ecd22a1acbeb0e026bb0a1d7f30dd4f5ebd4d36481d9f7	master_thae_iven_owner	tools/audio_sources/master_architect/SOURCES.md	Frozen Dawn original
assets/frozendawn/sounds/entity/master_architect/aura/thundersnow_close.ogg	7ef2b061cfbbe1b57e069b22e93756f263aabc60ca6c3b51070381e4cfb3f725	master_thae_iven_owner	tools/audio_sources/master_architect/SOURCES.md	Frozen Dawn original
assets/frozendawn/sounds/entity/master_architect/aura/thundersnow_distant.ogg	ef2a784164590836e9edf4219c3d678b32c06dc5d3a0b25efdd39b3838cebd95	master_thae_iven_owner	tools/audio_sources/master_architect/SOURCES.md	Frozen Dawn original
assets/frozendawn/sounds/entity/master_architect/aura/thundersnow_mid.ogg	3158a9e5e72562f36ce8012a354937b571d845e804385b60fc6eea8a57946e8b	master_thae_iven_owner	tools/audio_sources/master_architect/SOURCES.md	Frozen Dawn original
assets/frozendawn/sounds/entity/master_architect/cast.ogg	4037d758709acee021135b63428efbb673c002c459a0ba292986220536f891a5	master_thae_iven_owner	tools/audio_sources/master_architect/SOURCES.md	Frozen Dawn original
assets/frozendawn/sounds/entity/master_architect/continuity_fracture.ogg	24ef2d5cf69f52d0dfd747eae16b5f8d85aae295142d568ac513dd8b51628006	master_thae_iven_owner	tools/audio_sources/master_architect/SOURCES.md	Frozen Dawn original
assets/frozendawn/sounds/entity/master_architect/death_detonate.ogg	8e74e547e8be2b8961058adacf92cccb8c538c1335b85aa1bbb715a9d441a35c	master_thae_iven_owner	tools/audio_sources/master_architect/SOURCES.md	Frozen Dawn original
assets/frozendawn/sounds/entity/master_architect/last_wall.ogg	0690b3e6877ed76bdc1df24300cc9dcfa3759666ea6719fd9de30e384b028ce1	master_thae_iven_owner	tools/audio_sources/master_architect/SOURCES.md	Frozen Dawn original
assets/frozendawn/sounds/entity/master_architect/staff.ogg	808c21d48e26e79e95017c12f0fc2de8c5e99578f3fd5c2a86ff71d34809b74e	master_thae_iven_owner	tools/audio_sources/master_architect/SOURCES.md	Frozen Dawn original
assets/frozendawn/sounds/entity/master_architect/storm_maintain.ogg	88315d361d654e0fc6115fe8c34ef998753c1e0ec5f20abf4a79ba8a9e9c7c7c	master_thae_iven_owner	tools/audio_sources/master_architect/SOURCES.md	Frozen Dawn original
assets/frozendawn/sounds/entity/master_architect/thermal_pulse.ogg	577d64a39ad5dac863212aa32deb8e8552ad08c05af3a8cacd3c7f3138bb01d9	master_thae_iven_owner	tools/audio_sources/master_architect/SOURCES.md	Frozen Dawn original
assets/frozendawn/sounds/entity/master_architect/thermal_sever.ogg	4590a8113c2332084d216bba8ae109e768b08b61d7d8770dd386bbda50dfd83c	master_thae_iven_owner	tools/audio_sources/master_architect/SOURCES.md	Frozen Dawn original
assets/frozendawn/sounds/entity/master_architect/voice_ambient.ogg	bfc32e7d7393e897dcdb7bc81f70c53d8b2a7e6aa30a6ceb32db1dd910118e77	master_thae_iven_owner	tools/audio_sources/master_architect/SOURCES.md	Frozen Dawn original
assets/frozendawn/sounds/entity/master_architect/voice_death.ogg	8a4ce08ab88db0f55d3014fd65396b15ef13821f4a54c4f91c363a522c7ffb70	master_thae_iven_owner	tools/audio_sources/master_architect/SOURCES.md	Frozen Dawn original
assets/frozendawn/sounds/entity/master_architect/voice_hurt.ogg	6d2e77e8aabdc2e5ea8508af4beb76ce330d5cb82e8feb1e220c710e346e92cf	master_thae_iven_owner	tools/audio_sources/master_architect/SOURCES.md	Frozen Dawn original
assets/frozendawn/sounds/entity/remnant/ambient.ogg	6762bc6dcf9920a56132a02f1de1ef9158f49c0ee36f19adf5fcd4dc5428ebd6	remnant_mixed	tools/audio_sources/remnant/SOURCES.md	CC0-derived and original
assets/frozendawn/sounds/entity/remnant/collapse.ogg	091c27a1d4f76ee5e2dd375e4060a45dbec3596ac6af360f073ea5bbca1fa201	remnant_mixed	tools/audio_sources/remnant/SOURCES.md	CC0-derived and original
assets/frozendawn/sounds/entity/remnant/death.ogg	e690373f0e981ec13fbae630e5eb9f1d8f6d522749b274ad4217fdcea69dfa30	remnant_mixed	tools/audio_sources/remnant/SOURCES.md	CC0-derived and original
assets/frozendawn/sounds/entity/remnant/false_heater.ogg	16cb24fa87d798c103f1b0963a1393e32c7648b9ba5c6ecb31adc5f59195eb8e	remnant_mixed	tools/audio_sources/remnant/SOURCES.md	CC0-derived and original
assets/frozendawn/sounds/entity/remnant/false_radio.ogg	da97dc8b4c34280df045b2212d5c4ec8353d7e12d00b1fcb6b8a93c48986a07c	remnant_mixed	tools/audio_sources/remnant/SOURCES.md	CC0-derived and original
assets/frozendawn/sounds/entity/remnant/grab.ogg	38046297a5f773f26e7199dd26cd1b4680d2d11e0e96f53384a5269a30b2e4ac	remnant_mixed	tools/audio_sources/remnant/SOURCES.md	CC0-derived and original
assets/frozendawn/sounds/entity/remnant/hurt.ogg	6764dba3689a582a05a901adaed624bb111b8def731d01c7dcc613b5fe46b98c	remnant_mixed	tools/audio_sources/remnant/SOURCES.md	CC0-derived and original
assets/frozendawn/sounds/entity/remnant/latch.ogg	361a2865d1d05f33218a46288e1fdc372255f3cb443d4acb239fe3afb92b02b3	remnant_mixed	tools/audio_sources/remnant/SOURCES.md	CC0-derived and original
assets/frozendawn/sounds/entity/remnant/radio_alone.ogg	dbddd78889c0a024c51a92315834735d691ac866f7bf9a67d5d73421f801467e	generated_voice	tools/audio_sources/generated_voice/NOTICE.md	CC BY-SA 4.0
assets/frozendawn/sounds/entity/remnant/radio_forgive.ogg	0aca777fe390863b9178441a725a4c2245c5dec73bcdfe2210145edf30b9707f	generated_voice	tools/audio_sources/generated_voice/NOTICE.md	CC BY-SA 4.0
assets/frozendawn/sounds/entity/remnant/radio_room.ogg	2f047611f94ff44ea4c97ac425b2a0849603344bee55cb61566e9e81f52c729f	generated_voice	tools/audio_sources/generated_voice/NOTICE.md	CC BY-SA 4.0
assets/frozendawn/sounds/entity/remnant/radio_warm.ogg	176b93e13041cfa3b233af731bd0efede0c896baff1c912eea0ab5f38ee474e5	generated_voice	tools/audio_sources/generated_voice/NOTICE.md	CC BY-SA 4.0
assets/frozendawn/sounds/entity/remnant/wall_pressure.ogg	4cd5cabb3868bf8dcc0cc420e31aa4ef7f3086b044ab28edd91f1889a752d78f	remnant_mixed	tools/audio_sources/remnant/SOURCES.md	CC0-derived and original
assets/frozendawn/sounds/entity/remnant/wall_shift.ogg	bf62553fb59144b6e40e6a94bae297bcfb0c1216bdca2824318e1ebf0c28bb35	remnant_mixed	tools/audio_sources/remnant/SOURCES.md	CC0-derived and original
assets/frozendawn/sounds/entity/resonant/breach.ogg	ff6c77a2702f6b547f1bd61f7611f8178fed744520ca2a80d6aa122d5ed9472f	resonant_mixed	tools/audio_sources/resonant/SOURCES.md	CC0-derived
assets/frozendawn/sounds/entity/resonant/death.ogg	468adb63d6f6b187d79a7dc4252d64a628dd0b8d6f033ec28808ba800b274187	resonant_mixed	tools/audio_sources/resonant/SOURCES.md	CC0-derived
assets/frozendawn/sounds/entity/resonant/death_collapse.ogg	60a4a28f4c6bb9e982e2acaa6caf3f6d44d23d90aaf8cc2ebbc779f9030a32e5	resonant_mixed	tools/audio_sources/resonant/SOURCES.md	CC0-derived
assets/frozendawn/sounds/entity/resonant/grab.ogg	2e7cec0b0652cd10cde5caa88f5e084794564603363129e82bf4e6901b870140	resonant_mixed	tools/audio_sources/resonant/SOURCES.md	CC0-derived
assets/frozendawn/sounds/entity/resonant/hurt_1.ogg	dc1afc9144ffaf1ffe9c2a2a23ccce05c4ec9970aca0abc2ac40384402056018	resonant_mixed	tools/audio_sources/resonant/SOURCES.md	CC0-derived
assets/frozendawn/sounds/entity/resonant/hurt_2.ogg	19829aa60ba316201c0ab6fd36aebd2a9454af160218cfa63b9cf7af3b9984e8	resonant_mixed	tools/audio_sources/resonant/SOURCES.md	CC0-derived
assets/frozendawn/sounds/entity/resonant/knock.ogg	15dc871d6d62b593d21eb21ae00153a9ace53883c4c8ec487b94096caee779ce	resonant_mixed	tools/audio_sources/resonant/SOURCES.md	CC0-derived
assets/frozendawn/sounds/entity/resonant/phase.ogg	009f07cdfc88097ebef7e7b2e5fb0e734830696cf24e68e5cdbff11df2a82fae	resonant_mixed	tools/audio_sources/resonant/SOURCES.md	CC0-derived
assets/frozendawn/sounds/entity/resonant/pulse.ogg	c8f3a3dba9e57119d7676cd1efeae8f70a8283f37e699f80a1748b0b0b53309b	resonant_mixed	tools/audio_sources/resonant/SOURCES.md	CC0-derived
assets/frozendawn/sounds/entity/resonant/pulse_windup.ogg	f106013f8e9f7fe97c8d1cc9585234f132cd5273160f2aac78856828f699b2b8	resonant_mixed	tools/audio_sources/resonant/SOURCES.md	CC0-derived
assets/frozendawn/sounds/entity/resonant/release.ogg	7716bdffed8b70d862f4d21f96be5bef4b7d9296e91d55f90d1edd91c7fe3d61	resonant_mixed	tools/audio_sources/resonant/SOURCES.md	CC0-derived
assets/frozendawn/sounds/entity/rimebound/ambient_1.ogg	ad68b100afa2698edc99bbe2b9d2e971f55b01c854fd458d51705672f81ace58	rimebound_procedural	tools/audio_sources/rimebound/SOURCES.md	Frozen Dawn original
assets/frozendawn/sounds/entity/rimebound/ambient_2.ogg	ce697f1f2e263cb14d40f086c1eaac8811c39a5511d803682be739c24ddfab99	rimebound_procedural	tools/audio_sources/rimebound/SOURCES.md	Frozen Dawn original
assets/frozendawn/sounds/entity/rimebound/ambient_3.ogg	a276f424c41361bfc7e68aff8bc73ed5eb94eb5f6fa10e632896b9b42a0087ee	rimebound_procedural	tools/audio_sources/rimebound/SOURCES.md	Frozen Dawn original
assets/frozendawn/sounds/entity/rimebound/ambient_4.ogg	d0b4c4ca787b3e079da27ac88f04df07335d10a2b39346efb0584b95ed5e6d3b	rimebound_procedural	tools/audio_sources/rimebound/SOURCES.md	Frozen Dawn original
assets/frozendawn/sounds/entity/rimebound/armor.ogg	7720c2f27665431aa414ff874d159efb5692f960aad46bbba3cc5eae3aaf0cda	rimebound_procedural	tools/audio_sources/rimebound/SOURCES.md	Frozen Dawn original
assets/frozendawn/sounds/entity/rimebound/attack_1.ogg	b9b1d5a63ae5e90173184c74ca3900cc6ec9e887157629c2bc9ad463c7c0191f	rimebound_procedural	tools/audio_sources/rimebound/SOURCES.md	Frozen Dawn original
assets/frozendawn/sounds/entity/rimebound/attack_2.ogg	e017dc5d5913c80275ce4bae0e6507167e8fecc61979121688bad0e5112f02f1	rimebound_procedural	tools/audio_sources/rimebound/SOURCES.md	Frozen Dawn original
assets/frozendawn/sounds/entity/rimebound/break_free.ogg	d146f941407735d6a4371a321c979a22840f35b282c22cf7e47f487ebf05ce72	rimebound_procedural	tools/audio_sources/rimebound/SOURCES.md	Frozen Dawn original
assets/frozendawn/sounds/entity/rimebound/burrow.ogg	a1a72277dbeda99e57d9713ad658c94e8cd3c410a2760fa2656c860ae4c1addb	rimebound_procedural	tools/audio_sources/rimebound/SOURCES.md	Frozen Dawn original
assets/frozendawn/sounds/entity/rimebound/burrow_2.ogg	184af0b2a707a5e4b5c3fee4a5beaac6d2eb5c6777332d5c485e32a2cec2f7ac	rimebound_procedural	tools/audio_sources/rimebound/SOURCES.md	Frozen Dawn original
assets/frozendawn/sounds/entity/rimebound/contraction.ogg	56dacfe0b3e9072204602d0410f7c62ead8ab3e4c527656ac1c84ed65c961b89	rimebound_procedural	tools/audio_sources/rimebound/SOURCES.md	Frozen Dawn original
assets/frozendawn/sounds/entity/rimebound/death.ogg	c0d9e06015ff2115ebe2f84d8f4a472f967b6343e4ff178e7cae9d21d33a2420	rimebound_procedural	tools/audio_sources/rimebound/SOURCES.md	Frozen Dawn original
assets/frozendawn/sounds/entity/rimebound/death_2.ogg	23ab21d6d49628c971e73eea324d033dc70157533b129d0200a9ef415c35fa3d	rimebound_procedural	tools/audio_sources/rimebound/SOURCES.md	Frozen Dawn original
assets/frozendawn/sounds/entity/rimebound/encase.ogg	5b00f0b68123e347969635ecb2760448c7d788dc6b5cfef83a91876e5e6aaf5e	rimebound_procedural	tools/audio_sources/rimebound/SOURCES.md	Frozen Dawn original
assets/frozendawn/sounds/entity/rimebound/eruption.ogg	e327ada1833b4895086a3538a23b40bee5d195beb6534ab02fddd8530dd5c535	rimebound_procedural	tools/audio_sources/rimebound/SOURCES.md	Frozen Dawn original
assets/frozendawn/sounds/entity/rimebound/eruption_2.ogg	60bd10224450e5c14ab2dcabb503ee1219af8a77e8655743733f659f44f61cdd	rimebound_procedural	tools/audio_sources/rimebound/SOURCES.md	Frozen Dawn original
assets/frozendawn/sounds/entity/rimebound/fire_scream.ogg	f5fd3b0d25dd2039fb5132e73f638a7223bd87743c1c7df8ee9f64daa4484162	rimebound_procedural	tools/audio_sources/rimebound/SOURCES.md	Frozen Dawn original
assets/frozendawn/sounds/entity/rimebound/freeze.ogg	6fb07a7e773f841fc4ba5e788edbabf13fef0f9740ce41ed49ab6c93258f4808	rimebound_procedural	tools/audio_sources/rimebound/SOURCES.md	Frozen Dawn original
assets/frozendawn/sounds/entity/rimebound/freeze_windup.ogg	5d04829e219072476e891d84e4705bfcfbc85ef8ff315b8d3999369e700f00ea	rimebound_procedural	tools/audio_sources/rimebound/SOURCES.md	Frozen Dawn original
assets/frozendawn/sounds/entity/rimebound/freeze_windup_2.ogg	c31d07c1aa189ab1d90322438cc300193e118bec6f1d88d6e0a949fbd15ba032	rimebound_procedural	tools/audio_sources/rimebound/SOURCES.md	Frozen Dawn original
assets/frozendawn/sounds/entity/rimebound/hurt_1.ogg	e25a640297f7a300b1bc156dc9cdefdebefc7dbfaabf10d7d8e647ad5af48980	rimebound_procedural	tools/audio_sources/rimebound/SOURCES.md	Frozen Dawn original
assets/frozendawn/sounds/entity/rimebound/hurt_2.ogg	63fe1e74e3acce7d8be2d86bcffbf208400e89cbd32228903b516ed9cc571b26	rimebound_procedural	tools/audio_sources/rimebound/SOURCES.md	Frozen Dawn original
assets/frozendawn/sounds/entity/rimebound/hurt_3.ogg	7901f594333961527bb30df97e9e653a68086a0143915a0f6a24dfe57f2d2824	rimebound_procedural	tools/audio_sources/rimebound/SOURCES.md	Frozen Dawn original
assets/frozendawn/sounds/entity/rimebound/lance.ogg	5db064d89f68c5167e85d7aae3b42f33d1f3d62380a1a9fc5b47b10bfa0551b8	rimebound_procedural	tools/audio_sources/rimebound/SOURCES.md	Frozen Dawn original
assets/frozendawn/sounds/entity/rimebound/lance_embed.ogg	64777cc99edb1ba7a7bc3415a7f7af2cf390811f323fa81292164685ab65f3d1	rimebound_procedural	tools/audio_sources/rimebound/SOURCES.md	Frozen Dawn original
assets/frozendawn/sounds/entity/rimebound/lance_windup.ogg	e73c95c4bc00ab0e0e5b20045712c4b28df16765b3398733242d26caeeb70831	rimebound_procedural	tools/audio_sources/rimebound/SOURCES.md	Frozen Dawn original
assets/frozendawn/sounds/entity/rimebound/leap.ogg	1cc24f02a58654181408499e97b8697920fad2b3d9738ed8002b7d6034e77d16	rimebound_procedural	tools/audio_sources/rimebound/SOURCES.md	Frozen Dawn original
assets/frozendawn/sounds/entity/rimebound/shell_crack.ogg	fee360c3e8c153fcad6a0690c21f3781d01727886fa7e8b9b1d1a90ba9a43626	rimebound_procedural	tools/audio_sources/rimebound/SOURCES.md	Frozen Dawn original
assets/frozendawn/sounds/entity/rimebound/shell_shatter.ogg	15bdefbff612e9eaf7fd1af563c5edc32ee96cc894cc5f624e7fa10ec098c0e6	rimebound_procedural	tools/audio_sources/rimebound/SOURCES.md	Frozen Dawn original
assets/frozendawn/sounds/entity/rimebound/solidify.ogg	1518cd6297a2ea90705df385e076dde153e37f0fd1b30ba9a3a24348aa3d0f97	rimebound_procedural	tools/audio_sources/rimebound/SOURCES.md	Frozen Dawn original
assets/frozendawn/sounds/entity/thae_iven_heart/last_witness_converge.ogg	2ff9fea13c9cde41933a5aeecc35134ef5f127b4a44e6f52deaad686b9c5154f	master_thae_iven_owner	tools/audio_sources/master_architect/SOURCES.md	Frozen Dawn original
assets/frozendawn/sounds/entity/thae_iven_heart/last_witness_save.ogg	7fa89ff6af5395f1658b031da4418f86c0406c5fec623ae6425dcad0f68afe66	master_thae_iven_owner	tools/audio_sources/master_architect/SOURCES.md	Frozen Dawn original
assets/frozendawn/sounds/entity/thae_iven_heart/maeve_death_wail.ogg	3020ba638745945dcbff8cc9358154d435200f43e0e96ff2e2ea890d6d1ed058	master_thae_iven_owner	tools/audio_sources/master_architect/SOURCES.md	Frozen Dawn original
assets/frozendawn/sounds/entity/thae_iven_heart/maeve_erasure_collective.ogg	952b268259670fc2e90d6208e61e3aae5008af2206109061e835cf95c01f912c	master_thae_iven_owner	tools/audio_sources/master_architect/SOURCES.md	Frozen Dawn original
assets/frozendawn/sounds/entity/thae_iven_heart/maeve_omen_1.ogg	8b89e551c71280065edb79582ed85cc1e5d9c895bf4cbdd63c2a9317a518ddcc	master_thae_iven_owner	tools/audio_sources/master_architect/SOURCES.md	Frozen Dawn original
assets/frozendawn/sounds/entity/thae_iven_heart/maeve_omen_2.ogg	5e097037193c3bc49ab4051263a89bdae4855ab0775b008d1698c839e381aae9	master_thae_iven_owner	tools/audio_sources/master_architect/SOURCES.md	Frozen Dawn original
assets/frozendawn/sounds/entity/thae_iven_heart/maeve_omen_3.ogg	57642a6aeccb6b51e2628a93bfd60a82b94b1cf3edc4c84214d70b639c04f116	master_thae_iven_owner	tools/audio_sources/master_architect/SOURCES.md	Frozen Dawn original
assets/frozendawn/sounds/entity/thae_iven_heart/the_undone_collapse.ogg	f84583a28ff6b2c124c45fb8fdb44a63cf5d73981a870725b95ac91ba6a47728	master_thae_iven_owner	tools/audio_sources/master_architect/SOURCES.md	Frozen Dawn original
assets/frozendawn/sounds/entity/undone/ambient_1.ogg	cda3a903823c7095e92fa798f350075af0fc4d4f56961905197abffb1825f2f1	undone_procedural	tools/audio_sources/undone/SOURCES.md	Frozen Dawn original
assets/frozendawn/sounds/entity/undone/ambient_2.ogg	850216d8202139bc4492dae136460a3febf9ad1f5b2669cc2c0142a396f5848a	undone_procedural	tools/audio_sources/undone/SOURCES.md	Frozen Dawn original
assets/frozendawn/sounds/entity/undone/ambient_3.ogg	10786d7a04b73aec338a0920f8b5b205545ad7e1b13a860b978b1bbcc83a1223	undone_procedural	tools/audio_sources/undone/SOURCES.md	Frozen Dawn original
assets/frozendawn/sounds/entity/undone/attack.ogg	8a330bd01135c74c20bc1cdc206327eb6a60b114363ed305031eef200c8e34c0	undone_procedural	tools/audio_sources/undone/SOURCES.md	Frozen Dawn original
assets/frozendawn/sounds/entity/undone/breath.ogg	f097f75072e6d206294639fb9e828d4c9c92e2aa66aedd777864428e680da920	undone_procedural	tools/audio_sources/undone/SOURCES.md	Frozen Dawn original
assets/frozendawn/sounds/entity/undone/death.ogg	65c66d81a746a3ffada53d9500feee744e0286b579ced00942bd5aa91a122510	undone_procedural	tools/audio_sources/undone/SOURCES.md	Frozen Dawn original
assets/frozendawn/sounds/entity/undone/failed_word.ogg	e24f19d655eb71325f708ab8a35ef2da699c15c48e0aab58ba3ed65f5ecfb3ef	undone_procedural	tools/audio_sources/undone/SOURCES.md	Frozen Dawn original
assets/frozendawn/sounds/entity/undone/grab.ogg	4f0a65b3e669601e4f8a3fef0f96c02fa033b14c5b30223e63f3dcf8864495fc	undone_procedural	tools/audio_sources/undone/SOURCES.md	Frozen Dawn original
assets/frozendawn/sounds/entity/undone/grasp_break.ogg	6278fe65fd3b1f6cf1dad6ee1bf1930041cbda0d391e7d497475ab7f0bd6302a	undone_procedural	tools/audio_sources/undone/SOURCES.md	Frozen Dawn original
assets/frozendawn/sounds/entity/undone/grasp_cast.ogg	b1beaf6cb63b8f00cc8aaf4dc7b135dd74f9f3808682352d0cd1020494d88dcb	undone_procedural	tools/audio_sources/undone/SOURCES.md	Frozen Dawn original
assets/frozendawn/sounds/entity/undone/grasp_hold.ogg	ed3461bcdb9991389216a624f7af216ded34c1c053e8289dd12e280cadaf19ad	undone_procedural	tools/audio_sources/undone/SOURCES.md	Frozen Dawn original
assets/frozendawn/sounds/entity/undone/hurt.ogg	fd9b86cd29bceda19b050e0b2f93703ef81ac400f69bc1747b40fb255ac54b36	undone_procedural	tools/audio_sources/undone/SOURCES.md	Frozen Dawn original
assets/frozendawn/sounds/entity/undone/jaw.ogg	f8383feee434c6b8ebb31570a56f90cb0d47e0af152ceee7a301330f1b15f17e	undone_procedural	tools/audio_sources/undone/SOURCES.md	Frozen Dawn original
assets/frozendawn/sounds/entity/undone_architect/accrete.ogg	10cccaba091ec3352234bbf111844c23f76ea734e2cb2f6f7e95680b96c3fa58	undone_architect_mixed	tools/audio_sources/undone_architect/SOURCES.md	CC0 and source-site terms
assets/frozendawn/sounds/entity/undone_architect/ambient_1.ogg	dd9cef65b6e74cdab8d02ec090cd42c92b3990b580f7dc7dc9d4d84f0ae47237	undone_architect_mixed	tools/audio_sources/undone_architect/SOURCES.md	CC0 and source-site terms
assets/frozendawn/sounds/entity/undone_architect/ambient_2.ogg	e5a4a0a70bb8eac22a254cad256988554a73d383cfbe2ff1ba8838151b9fea69	undone_architect_mixed	tools/audio_sources/undone_architect/SOURCES.md	CC0 and source-site terms
assets/frozendawn/sounds/entity/undone_architect/ambient_3.ogg	03180765c5fb15e421732b4fa9c32f24d87f9becd95e089e743d0474d890bb79	undone_architect_mixed	tools/audio_sources/undone_architect/SOURCES.md	CC0 and source-site terms
assets/frozendawn/sounds/entity/undone_architect/attack.ogg	20695bde6bc84ce0d0d264f26c1838c2ec6cc33b40bc74373868b71d52d12d88	undone_architect_mixed	tools/audio_sources/undone_architect/SOURCES.md	CC0 and source-site terms
assets/frozendawn/sounds/entity/undone_architect/attack_2.ogg	d560f2be769d929a03e4ce5a16f4cf2e4ccf4e0c2de80cf66d0ec89c16280b6f	undone_architect_mixed	tools/audio_sources/undone_architect/SOURCES.md	CC0 and source-site terms
assets/frozendawn/sounds/entity/undone_architect/attack_3.ogg	b8789d4a9142fd53fa1ed13bd006309f0009659b2e8a6365ba8941f6ef07f19f	undone_architect_mixed	tools/audio_sources/undone_architect/SOURCES.md	CC0 and source-site terms
assets/frozendawn/sounds/entity/undone_architect/death.ogg	bc8f90eeb2a51563e52a782255d6509f1db070e35ca9645458a123b90cf08eb8	undone_architect_mixed	tools/audio_sources/undone_architect/SOURCES.md	CC0 and source-site terms
assets/frozendawn/sounds/entity/undone_architect/hurt_1.ogg	c9c5c735b3d992d21e8e4785c5d4b2f3a1008378c25a85e3c2bf5f038a1ffbd0	undone_architect_mixed	tools/audio_sources/undone_architect/SOURCES.md	CC0 and source-site terms
assets/frozendawn/sounds/entity/undone_architect/hurt_2.ogg	585ca3d6ce728a0b406dd32308d0125a41f746a3d78325af7bebb3cee3e4adc1	undone_architect_mixed	tools/audio_sources/undone_architect/SOURCES.md	CC0 and source-site terms
assets/frozendawn/sounds/item/surveyor_lens_tick.ogg	0a0086308c2e0c49f0b4ed90f1b4641150b306aa0e75e3c695e7e57bfe4c68bc	interface_procedural	tools/audio_sources/interface/SOURCES.md	Frozen Dawn original
assets/frozendawn/sounds/music/bloom/hollow.ogg	fa47a75d05aa4cb5490428c0de92f6140cf1e7b1ff06c3a3bd8e6b249ea9889c	bloom_mixed	tools/audio_sources/bloom/SOURCES.md	Inherited source terms and original
assets/frozendawn/sounds/music/bloom/pale.ogg	14d3f944183f39e54525a1aa91151e2919de67c8de8f6b89d0b1acc48a41b008	bloom_mixed	tools/audio_sources/bloom/SOURCES.md	Inherited source terms and original
assets/frozendawn/sounds/music/bloom/roots.ogg	a50ae96865580c175f0aae744dadfe196ad78f48209f4a7ac451a7b9bf00f056	bloom_mixed	tools/audio_sources/bloom/SOURCES.md	Inherited source terms and original
assets/frozendawn/sounds/music/heart/iven_battle_loop.ogg	17d07729a47666dfe29f3256032a12e540ed468885f29dcb53b3f65ed1ab17fb	master_thae_iven_owner	tools/audio_sources/master_architect/SOURCES.md	Frozen Dawn original
assets/frozendawn/sounds/music/master_architect/continuity_ghost.ogg	0517c63210d04d4373088611984e49fd491304899f07f2152ea6d3f4322cfdb0	master_thae_iven_owner	tools/audio_sources/master_architect/SOURCES.md	Frozen Dawn original
assets/frozendawn/sounds/music/master_architect/last_wall_memory.ogg	c5fd37c1ed4eacdd91a75234a617dcc3aee71114cbde65bd91f2a76daa25ebd2	master_thae_iven_owner	tools/audio_sources/master_architect/SOURCES.md	Frozen Dawn original
assets/frozendawn/sounds/music/master_architect/orren.ogg	0077ebd8c7a93fdd7ba55d818372e88133b84a3b9ecdcbe7b4860aa53e85b9de	master_thae_iven_owner	tools/audio_sources/master_architect/SOURCES.md	Frozen Dawn original
assets/frozendawn/sounds/music/master_architect/thae_iven_tethers.ogg	2cc197eff67d583bb6214243ba9d1136e1f2cb5afe144a26c60850ea472a422a	master_thae_iven_owner	tools/audio_sources/master_architect/SOURCES.md	Frozen Dawn original
assets/frozendawn/sounds/music/master_architect/thae_iven_v3.ogg	8ae7f826ba2ad5d090714c23bfe85fc73fd4f617b507cc1eb81e9e56986d70aa	master_thae_iven_owner	tools/audio_sources/master_architect/SOURCES.md	Frozen Dawn original
assets/frozendawn/sounds/music/phase3_frostbitten.ogg	d31a311cffb69b5ffad87658dfc14266e02bc220447093c0eb8b0531eed05e5d	baseline_owner_audio	ASSETS.md	Frozen Dawn original
assets/frozendawn/sounds/music/phase5_igloo.ogg	66dd5abb4be8716d7231d57319b0ffb9af073432f8980fb61fbf43abdaec408c	baseline_owner_audio	ASSETS.md	Frozen Dawn original
assets/frozendawn/sounds/music/phase6_sub_zero.ogg	3f37b541928992ab87ea9f506bf62962eee333e65658da0f4829774950cc30f5	baseline_owner_audio	ASSETS.md	Frozen Dawn original
assets/frozendawn/sounds/music/the_summer_solstice_2077.ogg	344d87fcef09dcf1ab7b8db91208981c112797f754350e0ac85c9d06a8ca8838	baseline_owner_audio	ASSETS.md	Frozen Dawn original
assets/frozendawn/sounds/player/hearthrot/breath_catch.ogg	d95ba58f903c8807c61cfb279833fb1a8bb037099a1a7b72e8169fdb38e98f01	hearthrot_mixed	tools/audio_sources/hearthrot/SOURCES.md	CC0-derived and original
assets/frozendawn/sounds/player/hearthrot/cough_one.ogg	7800da38b7e7317403b1b82b925745c77c66c1a5cbe290e978f6439268e30da0	hearthrot_mixed	tools/audio_sources/hearthrot/SOURCES.md	CC0-derived and original
assets/frozendawn/sounds/player/hearthrot/cough_three.ogg	3b97a0b55abc1ae60445286d1b5cf34e86408579cacaf5b1175d45a80c82b011	hearthrot_mixed	tools/audio_sources/hearthrot/SOURCES.md	CC0-derived and original
assets/frozendawn/sounds/player/hearthrot/cough_two.ogg	cbd870582d96b433f9d51b629554a7cc46260847e532faab5cc068b49086a48e	hearthrot_mixed	tools/audio_sources/hearthrot/SOURCES.md	CC0-derived and original
assets/frozendawn/sounds/player/hearthrot/crystallize.ogg	2f6d7807a6efe53b726400b15812fc5184ebd320cfd3d88f40e4d9ab2a80c6f3	hearthrot_mixed	tools/audio_sources/hearthrot/SOURCES.md	CC0-derived and original
assets/frozendawn/sounds/player/hearthrot/hurt_crack_one.ogg	43352e1817d0ad7f9abfddb51d97978fd1ae59be99b090233c14e9b45e239d8b	hearthrot_mixed	tools/audio_sources/hearthrot/SOURCES.md	CC0-derived and original
assets/frozendawn/sounds/player/hearthrot/hurt_crack_three.ogg	7d2aca4c9984c20f0b13deaeeb46711e143622f0272733f543814b063f362b39	hearthrot_mixed	tools/audio_sources/hearthrot/SOURCES.md	CC0-derived and original
assets/frozendawn/sounds/player/hearthrot/hurt_crack_two.ogg	b59e46ffb130dceebbf0bd105ec53672521c99280b4ca1f18a98aa7e14be13f6	hearthrot_mixed	tools/audio_sources/hearthrot/SOURCES.md	CC0-derived and original
assets/frozendawn/sounds/player/hearthrot/wheeze.ogg	5720376e5f7126cfe989bfdcdc353c5c9ff01019b8e98e8485d6ddf26c444a5e	hearthrot_mixed	tools/audio_sources/hearthrot/SOURCES.md	CC0-derived and original
assets/frozendawn/sounds/radio/martian_command_message.ogg	dc3c9a43d74afda0d17389cfb2d035cb09f66988f8f86bba0b18e05f06c8251a	generated_voice	tools/audio_sources/generated_voice/NOTICE.md	CC BY-SA 4.0
assets/frozendawn/sounds/radio/radio_cutoff.ogg	3d8752a5afbfade6c95a2bae59f0d9679fdb641435be8e1456c4b7f5b1cd622a	baseline_owner_audio	ASSETS.md	Frozen Dawn original
assets/frozendawn/sounds/radio/signal_lock.ogg	583d08c676c1be97e12c0a410492ad2989b97ee791e2c15129729b3fd786af85	baseline_owner_audio	ASSETS.md	Frozen Dawn original
assets/frozendawn/sounds/radio/static_ambient.ogg	a698dfa82b8671db02526ead4f7e951e1936e1948c61135978d7fb3f3c932950	baseline_owner_audio	ASSETS.md	Frozen Dawn original
assets/frozendawn/sounds/radio/static_burst.ogg	210d7d0a1252b5d254ccc4e925d92f836e76b78ec0b7ba45107ac24061e5790c	baseline_owner_audio	ASSETS.md	Frozen Dawn original
assets/frozendawn/sounds/radio/static_heavy.ogg	fcbfd3e9d859b03ae9117d716efd75ffa4dff218cdae186559016de9d5967a01	baseline_owner_audio	ASSETS.md	Frozen Dawn original
assets/frozendawn/sounds/radio/static_medium.ogg	463c3ad0465048b42c221041ac061e4656a7c88da99c5ad7900efb0db250138f	baseline_owner_audio	ASSETS.md	Frozen Dawn original
assets/frozendawn/sounds/radio/voice_at.ogg	123cbd31a6ddffad26205897ea202666c3b7cdda344508869b77f9a960f393b7	generated_voice	tools/audio_sources/generated_voice/NOTICE.md	CC BY-SA 4.0
assets/frozendawn/sounds/radio/voice_coordinates.ogg	1843990642be83abca7cd79a7cdeb4a057b8aa5520e30dc3619571b99bb18b50	generated_voice	tools/audio_sources/generated_voice/NOTICE.md	CC BY-SA 4.0
assets/frozendawn/sounds/radio/voice_eight.ogg	2896a9dbb8f63a0b886fcaf5b63f6877329d1108cec72d1347f00b9a57094c22	generated_voice	tools/audio_sources/generated_voice/NOTICE.md	CC BY-SA 4.0
assets/frozendawn/sounds/radio/voice_field_unit.ogg	874050d19a0e11508e5ced65013c51047644763fd76fa4d0efe9ea201edaa97a	generated_voice	tools/audio_sources/generated_voice/NOTICE.md	CC BY-SA 4.0
assets/frozendawn/sounds/radio/voice_five.ogg	c5702f82e075b72cbdb7ddacf1066c43f77d03520955cc950ef40d07beaaac63	generated_voice	tools/audio_sources/generated_voice/NOTICE.md	CC BY-SA 4.0
assets/frozendawn/sounds/radio/voice_four.ogg	0ed3af4d859bceaba4bfe7b8ca7fffd64a74d5b54969ee50d0696dec634c89d6	generated_voice	tools/audio_sources/generated_voice/NOTICE.md	CC BY-SA 4.0
assets/frozendawn/sounds/radio/voice_hundred.ogg	9685bfceb6814943f94b3f5ef2153527e5157f3376cde4e13718ff0f8fd17ab8	generated_voice	tools/audio_sources/generated_voice/NOTICE.md	CC BY-SA 4.0
assets/frozendawn/sounds/radio/voice_negative.ogg	e553ef7a202e89c9a6b1a41342139b160d24cd29eb83e2784f13e8fa9726dbe0	generated_voice	tools/audio_sources/generated_voice/NOTICE.md	CC BY-SA 4.0
assets/frozendawn/sounds/radio/voice_nine.ogg	4632a2622d188d449e55cd265bc36b489701a91bf623604c30c2d0a78de7ad84	generated_voice	tools/audio_sources/generated_voice/NOTICE.md	CC BY-SA 4.0
assets/frozendawn/sounds/radio/voice_no_lock.ogg	29fa56d0d93adee523847d1747fd8fc9856e9328ca0598390f0e90a54a96d2e1	generated_voice	tools/audio_sources/generated_voice/NOTICE.md	CC BY-SA 4.0
assets/frozendawn/sounds/radio/voice_one.ogg	ad0111b963053e79aa8cb5affad5d3e26c887b83cfc59d8a517285bb84385e02	generated_voice	tools/audio_sources/generated_voice/NOTICE.md	CC BY-SA 4.0
assets/frozendawn/sounds/radio/voice_orsa.ogg	6345b6269990eb97ab47217fb3a921683f0a7ef91a86c7032da8627a2727f333	generated_voice	tools/audio_sources/generated_voice/NOTICE.md	CC BY-SA 4.0
assets/frozendawn/sounds/radio/voice_repeat.ogg	f27bd846ff9f41e5849b549af12a7f2ee4415876c3b4b9026dbd6de97769b9a8	generated_voice	tools/audio_sources/generated_voice/NOTICE.md	CC BY-SA 4.0
assets/frozendawn/sounds/radio/voice_seven.ogg	c7004acf5d588f111da698df0cc1ce9383bc2f5515e347bd7b7fee155f90f906	generated_voice	tools/audio_sources/generated_voice/NOTICE.md	CC BY-SA 4.0
assets/frozendawn/sounds/radio/voice_signal.ogg	757730a836ad3b6994041e9448b032e057f442d0ab73e3d5cb2add460ded7b50	generated_voice	tools/audio_sources/generated_voice/NOTICE.md	CC BY-SA 4.0
assets/frozendawn/sounds/radio/voice_six.ogg	8842a5f7608f98d0c689fce80a228c86d86b3b83fdeaffc132eb805c5446115b	generated_voice	tools/audio_sources/generated_voice/NOTICE.md	CC BY-SA 4.0
assets/frozendawn/sounds/radio/voice_thousand.ogg	4ab660a6e32c3c358d16322ee48a38f4b13118cb4e2ec5b1b3606e0653c67dbc	generated_voice	tools/audio_sources/generated_voice/NOTICE.md	CC BY-SA 4.0
assets/frozendawn/sounds/radio/voice_three.ogg	7be75c11e9778a164601db023cbd281884a4cded934e1079dc7e7462ea32f2a4	generated_voice	tools/audio_sources/generated_voice/NOTICE.md	CC BY-SA 4.0
assets/frozendawn/sounds/radio/voice_tower.ogg	4e7ff11edecea2dad49a9bfd5aab89a4a422417feb26ed18353c06c200f86f62	generated_voice	tools/audio_sources/generated_voice/NOTICE.md	CC BY-SA 4.0
assets/frozendawn/sounds/radio/voice_two.ogg	a8901201fd6e6fb2340d453555bf1d01f8e5ac5b3fa9d3dbba24cb5c1e9f42e2	generated_voice	tools/audio_sources/generated_voice/NOTICE.md	CC BY-SA 4.0
assets/frozendawn/sounds/radio/voice_unable.ogg	406858c7a7a983340ff6b716d5208f1e27ecf56509d870d0454f640c9d773c2d	generated_voice	tools/audio_sources/generated_voice/NOTICE.md	CC BY-SA 4.0
assets/frozendawn/sounds/radio/voice_x_coord.ogg	d7bb2a4ee7f668775b8354855e385843357512920b6ac94a81f567dd2d2c2cdf	generated_voice	tools/audio_sources/generated_voice/NOTICE.md	CC BY-SA 4.0
assets/frozendawn/sounds/radio/voice_z_coord.ogg	1e1c519f401a9e7f433edebf51fa69f90e9d2b9459cbaae18034e5131d49f0f1	generated_voice	tools/audio_sources/generated_voice/NOTICE.md	CC BY-SA 4.0
assets/frozendawn/sounds/radio/voice_zero.ogg	2a0925575a3bc12ebd80a2cfb495aba3afa9a271bf7f594e20403eb1051f32d4	generated_voice	tools/audio_sources/generated_voice/NOTICE.md	CC BY-SA 4.0
assets/frozendawn/sounds/terminal/blackglass_segment_01.ogg	464e392b64fcd3a519b24e67f5b884ba4760451034b5d8a4db660fc99e6c25b5	baseline_owner_audio	ASSETS.md	Frozen Dawn original
assets/frozendawn/sounds/terminal/blackglass_segment_02.ogg	da12dfa470ae972e19fc641fc4cb7a6bf2b1f4fa644c0a1082147aa898891c11	baseline_owner_audio	ASSETS.md	Frozen Dawn original
assets/frozendawn/sounds/terminal/blackglass_segment_03.ogg	638953d4b57380f77a55155966941affa17968163c288d9ac75007baf3d44e86	baseline_owner_audio	ASSETS.md	Frozen Dawn original
assets/frozendawn/sounds/terminal/blackglass_segment_04.ogg	21dd32775c7f29f9c09ac0c9619a0534046498bbc548cb5e5a5ae3f323dca54f	baseline_owner_audio	ASSETS.md	Frozen Dawn original
assets/frozendawn/sounds/terminal/blackglass_segment_05.ogg	17196a3170b078117fd1cf8d94336193de7c981c1c14c35473fe578f86e3929c	baseline_owner_audio	ASSETS.md	Frozen Dawn original
assets/frozendawn/sounds/terminal/blackglass_segment_06.ogg	d20f712cc979a26722de5d2733c6e8e56a896c69c529fba41f8ae06f165bb5d1	baseline_owner_audio	ASSETS.md	Frozen Dawn original
assets/frozendawn/sounds/terminal/blackglass_segment_07.ogg	3a12b4adf20e4c352d1a00e1d32383fe74f53c20ed818a5f37da3903d33ea149	baseline_owner_audio	ASSETS.md	Frozen Dawn original
assets/frozendawn/sounds/terminal/blackglass_segment_08.ogg	cddec8bba3524f8109b0da9d8b44a4877062492183592f2ba65a9cd511430c4a	baseline_owner_audio	ASSETS.md	Frozen Dawn original
assets/frozendawn/sounds/terminal/orsa_boot.ogg	9e765125a42015d169fa30ea614385a11ffd381b75551f5a7404f157287db722	baseline_owner_audio	ASSETS.md	Frozen Dawn original
assets/frozendawn/sounds/ui/master_architect/aura_fight.ogg	120fcafaeb926b13acd9bfcbe4ab8b67ff379e8ee191c9fcaab667e0f6e5f523	generated_voice	tools/audio_sources/generated_voice/NOTICE.md	CC BY-SA 4.0
assets/frozendawn/sounds/ui/master_architect/aura_temperature.ogg	c3df9dbe1fea89998849e91ed28b909ee9292ca48f0576d1ef2a2bf774be8ea5	generated_voice	tools/audio_sources/generated_voice/NOTICE.md	CC BY-SA 4.0
assets/frozendawn/sounds/ui/master_architect/mind_scan.ogg	96c786f3a9f8d99e9e869b30720ad28d2142b41d1da022cd0f2ced989a8f1caa	generated_voice	tools/audio_sources/generated_voice/NOTICE.md	CC BY-SA 4.0
assets/frozendawn/sounds/ui/master_architect/telemetry_mismatch.ogg	b667495e764fdae3256c5cebf9c158a5a3668cf2dbdc216d5ed5b9dbcab386ec	generated_voice	tools/audio_sources/generated_voice/NOTICE.md	CC BY-SA 4.0
assets/frozendawn/sounds/ui/master_architect/telemetry_restored.ogg	285fa61d976e5f887bb047f11550c25d84015faa04f16f68afedf0b84361cc05	generated_voice	tools/audio_sources/generated_voice/NOTICE.md	CC BY-SA 4.0
assets/frozendawn/sounds/ui/orsa_awakening_ring.ogg	e45473334b6db0bfacfda16d7e947f5dce2e25beef5c0b26b592d7b08aacd87d	interface_procedural	tools/audio_sources/interface/SOURCES.md	Frozen Dawn original
assets/frozendawn/sounds/ui/orsa_awakening_voice.ogg	78a9fad0be93fd4ddc1ad9318f703e3c510d28556b34fd673f238cf6fbeaab7d	generated_voice	tools/audio_sources/generated_voice/NOTICE.md	CC BY-SA 4.0
assets/frozendawn/sounds/ui/suit/aggregate_deposit.ogg	0a80c4f49a1ff2c0e9fd458c0dd910e7a4041245eea9336cbe9c788043c9223f	generated_voice	tools/audio_sources/generated_voice/NOTICE.md	CC BY-SA 4.0
assets/frozendawn/sounds/ui/suit/aggregate_gestation.ogg	373dcc0033e8ad1cb1a8361410bf89c9d2cee1a0591ad5de8d85eda2b7ffa187	generated_voice	tools/audio_sources/generated_voice/NOTICE.md	CC BY-SA 4.0
assets/frozendawn/sounds/ui/suit/aggregate_ossuary.ogg	1b350997fe704e5942dfa6742afeef9c3430e3f356cc18b910c0af5307a3bb85	generated_voice	tools/audio_sources/generated_voice/NOTICE.md	CC BY-SA 4.0
assets/frozendawn/sounds/ui/suit/aggregate_resolved.ogg	2ac1f25b12348630b506a7b0fea1e7fef6ee89808ace39de67cfecbae6d4d94a	generated_voice	tools/audio_sources/generated_voice/NOTICE.md	CC BY-SA 4.0
assets/frozendawn/sounds/ui/suit/biological_activity_warning.ogg	fdeb390efb00aa8150f4e665991c18e1146da7c69c95ad576fd6cbc0259a545a	generated_voice	tools/audio_sources/generated_voice/NOTICE.md	CC BY-SA 4.0
assets/frozendawn/sounds/ui/suit/bloom_contact.ogg	3556e19bb58c074d7cdd1fc0ed1649c8126eb7b7be8c2c48d7c48a54a9e44046	generated_voice	tools/audio_sources/generated_voice/NOTICE.md	CC BY-SA 4.0
assets/frozendawn/sounds/ui/suit/emergency_reserve.ogg	b6364d371ccf39cef0f80003bc389e7135d34dfb3e431214029c192882a8acbc	generated_voice	tools/audio_sources/generated_voice/NOTICE.md	CC BY-SA 4.0
assets/frozendawn/sounds/ui/suit/hearthrot_contamination.ogg	a14bb9b256c885d96b76441155ed783701151a5eef261b2bf927405718fb2702	generated_voice	tools/audio_sources/generated_voice/NOTICE.md	CC BY-SA 4.0
assets/frozendawn/sounds/ui/suit/leak_hiss.ogg	27fa39a6b6817e7aa2a61f7095380044e062e303174f46dfa41206a889ff3a8c	interface_procedural	tools/audio_sources/interface/SOURCES.md	Frozen Dawn original
assets/frozendawn/sounds/ui/suit/oxygen_beep.ogg	ec6fc6e2e69cf745dcc3eba8e4a1116b798c9edbffbcedd30eea95bd6361b6bc	interface_procedural	tools/audio_sources/interface/SOURCES.md	Frozen Dawn original
assets/frozendawn/sounds/ui/suit/oxygen_critical.ogg	e08e39ebb6a153759a46551c55ddb444414cc575efb375a2e27eb5f454e682d8	generated_voice	tools/audio_sources/generated_voice/NOTICE.md	CC BY-SA 4.0
assets/frozendawn/sounds/ui/suit/puncture_warning.ogg	f1a4fc470294b8067e07335e13fa5412bd9ee481f2e8ec631448a46bc290fd01	generated_voice	tools/audio_sources/generated_voice/NOTICE.md	CC BY-SA 4.0
assets/frozendawn/sounds/ui/suit/stillpoint_field.ogg	c36b7433fe5bb887bb86a672c84b6cfff4a8051ac210a5662119f65fa48eb8e3	generated_voice	tools/audio_sources/generated_voice/NOTICE.md	CC BY-SA 4.0
assets/frozendawn/sounds/ui/suit/undone_contact.ogg	72004632297ad172987cae343ccd87ba7e808160862ae21806e4026864f7af7c	generated_voice	tools/audio_sources/generated_voice/NOTICE.md	CC BY-SA 4.0
assets/frozendawn/sounds/ui/thaeven_contact.ogg	d625e4aafa3b39b84cebbba272fdd2c1cc0ec83d0c738e9e958c45c9190cd8fc	master_thae_iven_owner	tools/audio_sources/master_architect/SOURCES.md	Frozen Dawn original
assets/frozendawn/sounds/ui/thaeven_interrupt.ogg	7210ecc335cfbdd0533f8a81c90590fcb34c12c8c33ed1cf9eba598889529520	master_thae_iven_owner	tools/audio_sources/master_architect/SOURCES.md	Frozen Dawn original
assets/frozendawn/sounds/ui/thaeven_orsha.ogg	1f708deaea2b5e8584bce5008560be87c7844d8c295580023071fbc982eaade0	master_thae_iven_owner	tools/audio_sources/master_architect/SOURCES.md	Frozen Dawn original
assets/frozendawn/sounds/ui/thaeven_resolve.ogg	98391ad27c095646ec27c3436c32cd7d6c1203c75ba07e7ac0dfa43526acd751	master_thae_iven_owner	tools/audio_sources/master_architect/SOURCES.md	Frozen Dawn original
